id,regdate,first_name,last_name,email_address,homephone,street,city,state,zipcode
1,11/12/08 10:47,Allison,Nguyen,arannon@jumpstartlab.com,"",3155 19th St NW,Washington,DC,20010
2,11/12/08 13:23,Sarah,Hankins,pinalevitsky@jumpstartlab.com,"",2022 15th Street NW,Washington,DC,20009
69,12/8/08 20:31,Sofia,Murillo,lpohen@jumpstartlab.com,"","702 H St, suite 300",Washington,DC,20001
126,12/11/08 11:56,Katie,Baimas-george,svsullivan88@jumpstartlab.com,"",1123 Harvard St. unit R,Washington,DC,20009
351,12/19/08 10:40,Nate,Endres,rmaiorana@jumpstartlab.com,"",3332 Quesada St.,NW,DC,20015
359,12/19/08 12:32,Melanie,Stevenson,jebergma@jumpstartlab.com,"",3646 Warder St. NW,Washington,DC,20010
361,12/19/08 12:38,Aurora,Ortega,yfr42@jumpstartlab.com,"",520 N St SW,Washington,DC,20024
362,12/19/08 12:44,Justin,Chinana,ipesha226@jumpstartlab.com,"",3321 16th St NW,Washington,DC,20010
363,12/19/08 12:49,Lee,Sachs,bwd6273@jumpstartlab.com,"",1225 Otis St NE,Washington,DC,20017
367,12/19/08 12:58,Kristina,Trowbridge,oumandrell@jumpstartlab.com,"","110 Maryland Ave., NE, Suite 108",Washington,DC,20002
369,12/19/08 13:15,Sean,Modawal,ufmPalley@jumpstartlab.com,"",1718 Connecticut Ave. NW Suite 300,Washington,DC,20009
370,12/19/08 13:16,Michael,Murphy,bxthewsm@jumpstartlab.com,"",1718 Connecticut Ave. NW Suite 300,Washington,DC,20009
371,12/19/08 13:19,Callie,Mclaughlin,gdacyjamesrossi2@jumpstartlab.com,"","391 Michigan Ave., NE",Washington,DC,20017
372,12/19/08 13:30,Eva,Rotman,cgngo8456@jumpstartlab.com,"",PO Box 29132,Washington,DC,20017
478,12/20/08 14:05,Donna,Taylor,hmisJohnsonPS@jumpstartlab.com,"",1409 37th St NW,Washington,DC,20007
480,12/20/08 16:43,Dan,Fraissinet,kggoyer@jumpstartlab.com,"","Box #577150, Georgetown Univ.",Washington,DC,20057
577,1/5/09 15:32,William,Kristian,xokelly@jumpstartlab.com,"",812 Randolph St. NW,Washington,DC,20011
695,1/7/09 10:57,Jessie,Kurdyla,etcooke11@jumpstartlab.com,"","2915 Connecticut Avenue, NW Apt. 207",Washington,DC,20008
751,1/12/09 2:55,Sophie,Lade,cpagenkn@jumpstartlab.com,"",2505 13th St. NW,Washington,DC,20009
752,1/12/09 2:57,Lala,Leung,vsmcneal@jumpstartlab.com,"",2505 13th St. NW,Washington,DC,20009
782,1/15/09 16:08,Daryl,Gutbrod,tknt.jamie@jumpstartlab.com,"",2941 Chesapeake St NW,Washington,DC,20008
838,1/17/09 0:38,Megan,Craig,nslopuppet_o_o@jumpstartlab.com,"",1409 37th St.,Washington,DC,20007
847,1/18/09 2:48,Laura,Xx,abnedoe3@jumpstartlab.com,"","2601 Woodley Place NW, Apt 813",Washington,DC,20008
860,1/19/09 11:22,Jeannie,Bryant,kkserpe08@jumpstartlab.com,"","2727 29th Street NW, Apt 305",Washington,DC,20008
862,1/19/09 11:29,Rachel,Haut,jqisten.greenwald@jumpstartlab.com,"","2727 29th Street NW, Apt. 232",Washington,DC,20008
864,1/19/09 11:35,Lucia,Karoluk,wonisegarcia666@jumpstartlab.com,"","2727 29th Street NW, Apt. 305",Washington,DC,20008
866,1/19/09 11:43,Jenna,B,wdack.satin.feathers@jumpstartlab.com,"","2727 29th Street NW, Apt. 305",Washington,DC,20008
868,1/19/09 11:46,Lucy,Frick,xcott33@jumpstartlab.com,"","2727 29th Street NW, Apt. 211",Washington,DC,20008
869,1/19/09 11:49,Alan,Stoneking,euizabethlev@jumpstartlab.com,"","2727 29th Street NW, Apt. 529",Washington,DC,20008
871,1/19/09 11:52,Vax,Doe,nyesoto@jumpstartlab.com,"",2727 29th Street NW,Washington,DC,20008
873,1/19/09 11:58,Erik,Beardsley,ngangrpl@jumpstartlab.com,"","2727 29th Street NW, Apt. 232",Washington,DC,20008
874,1/19/09 12:02,Guy,Halter,rdett.buikema@jumpstartlab.com,"","2727 29th Street NW, Apt. 529",Washington,DC,20008
876,1/19/09 12:05,Juliette,Alvarez,luroberts05@jumpstartlab.com,"","2727 29th Street NW, Apt. 323",Washington,DC,20008
878,1/19/09 12:07,Fiona,Mclaren,wyohr@jumpstartlab.com,"","2727 29th Street NW, Apt. 232",Washington,DC,20008
1203,1/20/09 23:29,Jen,Peavler,wyate2@jumpstartlab.com,"","3000 Cathedral Avenue, NW",Washington,DC,20008
1211,1/20/09 23:35,Laura,Oh,ball0166@jumpstartlab.com,"","3000 Cathedral Ave, NW",Washington,DC,20008
1213,1/20/09 23:38,Zack,Astrove,fkolfgan@jumpstartlab.com,"","3000 Cathedral Ave, NW",Washington,DC,20008
1215,1/20/09 23:40,One,Fitzgerald,nplds@jumpstartlab.com,"","3000 Cathedral Ave, NW",Washington,DC,20008
1218,1/20/09 23:43,Meghan,Vanegas,bu@jumpstartlab.com,"","3000 Cathedral Ave, NW",Washington,DC,20008
1221,1/20/09 23:45,Lauren,Berlin,kff_wehrenjk@jumpstartlab.com,"","3000 Cathedral Ave, NW",Washington,DC,20008
1223,1/20/09 23:48,Allison,Gracey,fhrlemail1@jumpstartlab.com,"","3000 Cathedral Ave, NW",Washington,DC,20008
1225,1/20/09 23:50,Lindsay,Aronoff,aslissanypirg@jumpstartlab.com,"","3000 Cathedral Ave, NW",Washington,DC,20008
1229,1/20/09 23:51,Jennifer,Avalos,deiaz@jumpstartlab.com,"",3168 17th St NW,Washington,DC,20010
1232,1/20/09 23:52,Stephanie,Baird,omani.sheva@jumpstartlab.com,"","3000 Cathedral Ave, NW",Washington,DC,20008
1234,1/20/09 23:55,Kendra,Xx,ygalabre@jumpstartlab.com,"","3000 Cathedral Ave, NW",Washington,DC,20008
1236,1/20/09 23:57,Katey,Benders,jdf28@jumpstartlab.com,"","3000 Cathedral Ave, NW",Washington,DC,20008
1247,1/21/09 0:06,Alyssa,Abraham,durnetta@jumpstartlab.com,"","3000 Cathedral Ave, NW",Washington,DC,20008
1248,1/21/09 0:09,Sierra,Langone,jbmcwilliams@jumpstartlab.com,"","3000 Cathedral Ave, NW",Washington,DC,20008
1250,1/21/09 0:11,Megan,J,gwlter@jumpstartlab.com,"","3000 Cathedral Ave, NW",Washington,DC,20008
1252,1/21/09 0:14,Adam,Starodaj,fkorterfield@jumpstartlab.com,"","3000 Cathedral Ave, NW",Washington,DC,20008
1253,1/21/09 0:16,Roxanne,Carbajo,bxlegra.fonda-bonardi@jumpstartlab.com,"","3000 Cathedral Ave, NW",Washington,DC,20008
1254,1/21/09 0:18,Adriana,Zapfel,vemusic@jumpstartlab.com,"","3000 Cathedral Ave, NW",Washington,DC,20008
1257,1/21/09 0:22,Medina,Cao,dkulger@jumpstartlab.com,"","3000 Cathedral Ave, NW",Washington,DC,20008
1258,1/21/09 0:24,Althea,Xx,udsaw87@jumpstartlab.com,"","3000 Cathedral Ave, NW",Washington,DC,20008
1385,1/21/09 14:57,Ryan,Debuck,ghyce_m@jumpstartlab.com,"",3000 Cathedral Ave NW,Washington,DC,20008
1389,1/21/09 15:18,Jenny,Barrett,ym1106a@jumpstartlab.com,"",4201 Massachusetts Ave NW,Washington,DC,20016
1392,1/21/09 15:27,Monica,Wilson,rblary@jumpstartlab.com,"",4400 Massachusetts Ave NW,Washington,DC,20016
1397,1/21/09 15:41,Sandy,Mike-bidtah,sytrm6@jumpstartlab.com,"",4400 Massachusetts Ave NW,Washington,DC,20016
1403,1/21/09 15:47,Jacob,Two,cyvid@jumpstartlab.com,"",4400 Massachusetts Ave NW,Washington,DC,20016
1406,1/21/09 15:51,Erika,Guilbeault,qt336707@jumpstartlab.com,"",4400 Massachusetts Ave NW,Washington,DC,20016
1411,1/21/09 15:55,Rachel,Kazyak,lpmberly.upstill07@jumpstartlab.com,"",4400 Massachusetts Ave NW,Washington,DC,20016
1414,1/21/09 15:58,Alejandro,Anderson,sydy0314@jumpstartlab.com,"",4400 Massachusetts Ave NW,Washington,DC,20016
1418,1/21/09 16:02,Jennifer,Silva,qpfox@jumpstartlab.com,"",4400 Massachusetts Ave NW,Washington,DC,20016
1419,1/21/09 16:03,Madeline,Shamel,wq1luv@jumpstartlab.com,"","3825 Wisconsin Avenue, NW",Washington,DC,20016
1422,1/21/09 16:05,Samuel,Carpenter,wsmanley@jumpstartlab.com,"","3825 Wisconsin Avenue, NW",Washington,DC,20016
1423,1/21/09 16:06,Meredith,Lochner,mosheridan@jumpstartlab.com,"",4400 Massachusetts Ave NW,Washington,DC,20016
1427,1/21/09 16:09,James,Doe,nlhneenampudiyay@jumpstartlab.com,"",4400 Massachusetts Ave NW,Washington,DC,20016
1428,1/21/09 16:09,Josh,Evarts,bnaci@jumpstartlab.com,"","3825 Wisconsin Avenue, NW",Washington,DC,20016
1430,1/21/09 16:10,Alicia,Veysey,cyaen1.arnold@jumpstartlab.com,"","3825 Wisconsin Avenue, NW",Washington,DC,20016
1431,1/21/09 16:13,Grant,Le,xlielke@jumpstartlab.com,"","3825 Wisconsin Avenue, NW",Washington,DC,20016
1434,1/21/09 16:14,Mayrah,Hecht,htcmseac@jumpstartlab.com,"","3825 Wisconsin Avenue, NW",Washington,DC,20016
1437,1/21/09 16:16,Jessica,Mellen,egm118@jumpstartlab.com,"","3825 Wisconsin Avenue, NW",Washington,DC,20016
1439,1/21/09 16:18,Jamie3,Crutcher,ssckereg@jumpstartlab.com,"","3825 Wisconsin Avenue, NW",Washington,DC,20016
1441,1/21/09 16:23,Kelsy,Weitner,bxBurdiss@jumpstartlab.com,"","3825 Wisconsin Avenue, NW",Washington,DC,20016
1443,1/21/09 16:25,Ashley,Vandeputte,owzapf@jumpstartlab.com,"","3825 Wisconsin Avenue, NW",Washington,DC,20016
1445,1/21/09 16:27,Meaghan,Cunningham,njompsonswartz@jumpstartlab.com,"","3825 Wisconsin Avenue, NW",Washington,DC,20016
1448,1/21/09 16:29,Natalie,Otukoya,kq454969@jumpstartlab.com,"","3825 Wisconsin Avenue, NW",Washington,DC,20016
1451,1/21/09 16:31,Alicia,Weisberg,nuagnoni@jumpstartlab.com,"","3825 Wisconsin Avenue, NW",Washington,DC,20016
1452,1/21/09 16:32,Olivia,Costa,blsmith@jumpstartlab.com,"","3825 Wisconsin Avenue, NW",Washington,DC,20016
1455,1/21/09 16:34,Winslow,Hanson,cvtrohmayer@jumpstartlab.com,"","3825 Wisconsin Avenue, NW",Washington,DC,20016
1459,1/21/09 16:36,Leah,Ayers,vjstevens_2010@jumpstartlab.com,"","3825 Wisconsin Avenue, NW",Washington,DC,20016
1462,1/21/09 16:38,Meagan,Siegel,ifhirih.alia@jumpstartlab.com,"","3825 Wisconsin Avenue, NW",Washington,DC,20016
1466,1/21/09 16:40,Alexandra,Jenkins,kxnlop316@jumpstartlab.com,"","3825 Wisconsin Avenue, NW",Washington,DC,20016
1469,1/21/09 16:42,Jesse,Farrell,iwee@jumpstartlab.com,"","3825 Wisconsin Avenue, NW",Washington,DC,20016
1473,1/21/09 16:44,Adam,Zimmerman,jal08d@jumpstartlab.com,"","3825 Wisconsin Avenue, NW",Washington,DC,20016
1476,1/21/09 16:45,Abigail,Keith,qinder.buitelaar@jumpstartlab.com,"","3825 Wisconsin Avenue, NW",Washington,DC,20016
1478,1/21/09 16:47,Kayla,Stevens,vda2@jumpstartlab.com,"","3825 Wisconsin Avenue, NW",Washington,DC,20016
1481,1/21/09 16:49,Jane,Green,cmohan3@jumpstartlab.com,"","3825 Wisconsin Avenue, NW",Washington,DC,20016
1484,1/21/09 16:51,Ashley,Tourneville,wcbutler@jumpstartlab.com,"","3825 Wisconsin Avenue, NW",Washington,DC,20016
1485,1/21/09 16:52,Chelsea,Gaudin,maitenz@jumpstartlab.com,"","3825 Wisconsin Avenue, NW",Washington,DC,20016
1488,1/21/09 16:54,Jordan,Indvik,mbraele@jumpstartlab.com,"","3825 Wisconsin Avenue, NW",Washington,DC,20016
1687,1/21/09 20:20,Julia,Hatcher,uyliott@jumpstartlab.com,"","1804 Kilbourne Pl NW,",Washington,DC,20010
2072,1/21/09 22:39,Vanessa,Beckman,leerry.finkel@jumpstartlab.com,"","620 21st Street, NW, #201",Washington,DC,66209
2114,1/21/09 22:47,Matthew,Gibbs,gxskag08@jumpstartlab.com,"",2222 Eye Street,Washington,DC,20052
2130,1/21/09 22:50,Karson,Dowd,klotazewell@jumpstartlab.com,"","2222 Eye Street, NW, #303",Washington,DC,20052
2146,1/21/09 22:52,Kimberly,Furey,jqayes25@jumpstartlab.com,"","950 24th St, NW, #816",Washington,DC,20052
2162,1/21/09 22:56,Kate,Wojtalewicz,pfdasamc@jumpstartlab.com,"","950 24th St, NW, #413",Washington,DC,20052
2182,1/21/09 23:00,Rachel,Milem,vvurphy3@jumpstartlab.com,"","2021 F Street, NW, #921",Washington,DC,20052
2200,1/21/09 23:05,Cress,Schafer,sodolgin@jumpstartlab.com,"","620 21st Street, NW",Washington,DC,20052
2207,1/21/09 23:08,Molly,Jackson,ofdaroman@jumpstartlab.com,"","950 24th St, NW, #1108",Washington,DC,20052
2215,1/21/09 23:11,Vanessa,Dawson,casusanrubin@jumpstartlab.com,"","950 24th St, NW, #816",Washington,DC,20052
2222,1/21/09 23:13,Raymond,Vyas,gwdela10@jumpstartlab.com,"","2222 Eye Street, NW, #302",Washington,DC,20052
2334,1/21/09 23:46,Christian,Nelson,vkchel.neuschatz@jumpstartlab.com,"","2031 F Street, NW",Washington,DC,20052
2537,1/22/09 8:16,Roxanna,Mellace,lvarnswo@jumpstartlab.com,"","1723 Webster St, NW",Washington,DC,""
2575,1/23/09 13:03,Brian,Zipin,wwshaw@jumpstartlab.com,"","3825 Wisconsin Avenue, NW",Washington,DC,20016
2576,1/23/09 13:36,Lacey,Tran,whsouza@jumpstartlab.com,"","3825 Wisconsin Avenue, NW",Washington,DC,20016
2578,1/23/09 13:40,Allyson,Mccole,ixlmeida@jumpstartlab.com,"","3825 Wisconsin Avenue, NW",Washington,DC,20016
2579,1/23/09 13:43,Elizabeth,Lenhart,xwmmerlek@jumpstartlab.com,"","3825 Wisconsin Avenue, NW",Washington,DC,20016
2580,1/23/09 13:45,Kelsey,Walters,hctthew.kramer@jumpstartlab.com,"","3825 Wisconsin Avenue, NW",Washington,DC,20016
2581,1/23/09 13:47,Einer,Sorenson,sxafcook@jumpstartlab.com,"","3825 Wisconsin Avenue, NW",Washington,DC,20016
2582,1/23/09 13:50,Lucia,Rojas,hlujaeagles@jumpstartlab.com,"","3825 Wisconsin Avenue, NW",Washington,DC,20016
2583,1/23/09 13:54,Lauren,Kent,epygrl7@jumpstartlab.com,"","3825 Wisconsin Avenue, NW",Washington,DC,20016
2584,1/23/09 13:56,Kim,Lobue,tclpert@jumpstartlab.com,"","3825 Wisconsin Avenue, NW",Washington,DC,20016
2585,1/23/09 14:01,Paula,Rowe,ggbin.averbeck@jumpstartlab.com,"","3825 Wisconsin Avenue, NW",Washington,DC,20016
2586,1/23/09 14:02,Amanda,Flanagan,rrnka@jumpstartlab.com,"","3825 Wisconsin Avenue, NW",Washington,DC,20016
2587,1/23/09 14:05,Rachel,Mack,kjaru@jumpstartlab.com,"","3825 Wisconsin Avenue, NW",Washington,DC,20016
2588,1/23/09 14:07,Annelies,Vig,orrek.j.roy@jumpstartlab.com,"",http://410woman.googlepages.com,Washington,DC,20016
2618,1/24/09 22:01,Christi,Two,xdolec1@jumpstartlab.com,"",3003 Van Ness St. NW #S606,Washington,DC,20008
2630,1/25/09 23:14,David,Francom redstone,el69703@jumpstartlab.com,"",2223 H St NW,Washington,DC,20052
2639,1/26/09 12:52,Kyle,Melas,mbduan08@jumpstartlab.com,"",1409 37th St. NW,Washington,DC,20007
2670,1/26/09 20:52,Julie,Doe,hcilson@jumpstartlab.com,"",1620 Argonne Place N.W.,Washington,DC,20009
2679,1/26/09 22:18,Rosemary,Hileman,rapsherryx3@jumpstartlab.com,"",4110 14th St. NW,Washington,DC,20011
2680,1/26/09 22:22,Maura,Viglietta,updkinss@jumpstartlab.com,"",4110 14th St. NW,Washington,DC,20011
2709,1/27/09 0:36,Allison,Dolkart,ieim19@jumpstartlab.com,"",2021 F Street NW,Washington,DC,20052
2715,1/27/09 10:44,Mary,Ther,hobdul27@jumpstartlab.com,"",1858 California St. NW #41,Washington,DC,20009
2716,1/27/09 10:48,Sasha,Reilly,faomas.Berlangera@jumpstartlab.com,"",1928 38th ST NW,Washington,DC,20007
2723,1/27/09 13:37,Catherine,Varlese,gusonsm@jumpstartlab.com,"",800 florida ave ne #1224,washington,DC,20002
2753,1/28/09 11:16,Elizabeth,Garlick,vnisha_pavao@jumpstartlab.com,"","702 H St NW, Ste 300",Washington,DC,20001
2755,1/28/09 11:20,Sally,Carey,apu.brazell@jumpstartlab.com,"","702 H St NW, Ste 300",Washington,DC,20001
2848,1/29/09 12:08,Melissa,Frys,ab136507@jumpstartlab.com,"",1302 36th St NW,Washington,DC,20007
2857,1/29/09 13:33,Tamer,Deveau,wgurns4@jumpstartlab.com,"",1718 21st Street NW,Washington,DC,20009
2927,1/29/09 16:53,Lisa,Davis,hg@jumpstartlab.com,"",4461 Westover Place,Washington,DC,20016
2932,1/29/09 18:04,Ansally,Pfeiffer,pltanich@jumpstartlab.com,"","2124 Eye St NW, West End #506",Washington,DC,20052
2934,1/29/09 18:39,Nathalie,Oblisk,ryaole@jumpstartlab.com,"","2350 H St NW, New Hall 707",Washington,DC,20052
2935,1/29/09 18:43,Leslye,Fong,xksonVates@jumpstartlab.com,"","2119 H St NW, Crawford #210",Washington,DC,20052
2936,1/29/09 18:46,Wesley,Aroneanu,efraguza@jumpstartlab.com,"","2021 F St NW, Potomac #1006",Washington,DC,20052
2938,1/29/09 18:50,Anita,Singh,xjlomo68@jumpstartlab.com,"","1900 F St NW, Thurston #221",Washington,DC,20052
2940,1/29/09 18:56,Stephen,Oheim,kuack@jumpstartlab.com,"","1900 F St NW, Thurston #418",Washington,DC,20052
2985,1/29/09 22:01,Ivey,Albeck,bxll13@jumpstartlab.com,"","4425 Reno Road, NW",Washington,DC,20008
3003,1/30/09 10:37,Alison,England,wlutko@jumpstartlab.com,"",1673 Columbia Rd. NW Apt. 400,Washington,DC,20009
3137,1/30/09 14:16,Maria,Amster,ckongwer@jumpstartlab.com,"",155 Indian Avenue,Lawrence,DC,66046
3143,1/30/09 14:29,Annelise,Tsuji,hrchaelaraman@jumpstartlab.com,"",235 2nd St NE,Washington,DC,20002
3158,1/30/09 14:44,Megan,Arene-morley,fhanchan@jumpstartlab.com,"",37th and O Streets NW,Washington,DC,20057
3454,1/31/09 8:55,Chris,Doane,kpilch1@jumpstartlab.com,"",Copley G17 Box 573539 Georgetown University,Washington,DC,20057
3491,1/31/09 13:14,Molly,Saretzky,vcsh7444@jumpstartlab.com,"","2022 15th Street, NW",Washington,DC,20009
3492,1/31/09 13:19,Skye,Bulis,hecameri@jumpstartlab.com,"","1500 Massachusetts Ave, #546",Washington,DC,20005
3581,1/31/09 15:53,Matthew,Hutton,ydwittig@jumpstartlab.com,"","512 McCarthy Hall, Georgetown University",Washington,DC,20057
3647,1/31/09 16:45,Rei,Doe,fuusso@jumpstartlab.com,"",Box 573757,Washington,DC,20057
3678,1/31/09 17:26,Monica,Cormia,ksf_hellerla@jumpstartlab.com,"","Georgetown University, Village A F206",Washington,DC,20057
3903,1/31/09 21:44,David,Larsson,cwtchell67@jumpstartlab.com,"",1608 Rhode Island Ave NW,Washington,DC,""
3951,1/31/09 23:02,Kimberly,Sikes,er00168456@jumpstartlab.com,"",3626 T St,Washington,DC,20007
3981,2/1/09 2:36,Stephanie,Miller,put.springer@jumpstartlab.com,"",3636 T St. NW,Washington,DC,20007
4049,2/1/09 12:54,Cara,Roe,ijurf@jumpstartlab.com,"","736 22nd St NW, Room 706",Washington,DC,20052
4053,2/1/09 13:06,Joe,Vernon,xkmes.p.gilchrist@jumpstartlab.com,"",3636 T St. NW,Washington,DC,20007
4064,2/1/09 13:35,Jamie,Schreck,jdeley11@jumpstartlab.com,"",1515 3rd St. NW,Washington,DC,20001
4086,2/1/09 14:09,Kristen,Lancaster,xuller@jumpstartlab.com,"","1255 New Hampshire Ave NW, Apt 108",Washington,DC,20036
4116,2/1/09 14:41,Kasey,Smith,yochellejcoker@jumpstartlab.com,"",1727 Massachusetts Ave NW,Washington,DC,20036
4130,2/1/09 14:57,Rufio,Light,itristinalouisebell@jumpstartlab.com,"",1608 Rhode Island Ave,Washington DC,DC,20036
4151,2/1/09 15:29,Ethan,Chang,hhhn.walker@jumpstartlab.com,"","1608 Rhode Island Ave, NW",Washington,DC,20036
4154,2/1/09 15:32,Jason,Costantino,efochner@jumpstartlab.com,"","1608 Rhode Island Ave, NW",Washington,DC,20036
4156,2/1/09 15:37,Dan,Bryant,eyrzipan@jumpstartlab.com,"","1608 Rhode Island Ave, NW",Washington,DC,20036
4159,2/1/09 15:44,John,Zeller,eyudartj@jumpstartlab.com,"","1608 Rhode Island Ave, NW",Washington,DC,20036
4294,2/1/09 17:59,Ellen,Graham,bkorris@jumpstartlab.com,"",58 Bryant Street NW,Washington,DC,20001
4336,2/1/09 18:30,Miranda,Lee tan,bbeyward09@jumpstartlab.com,"",2531 Q St. NW Apt. 205,Washington,DC,20007
4380,2/1/09 19:13,Kelly,Oldershaw,rlandros@jumpstartlab.com,"","Harbin 726, Georgetown University",Washington,DC,20057
4381,2/1/09 19:13,Nancy,Davis,weey.wohlfeld@jumpstartlab.com,"",Box 574262 Georgetown University,Washington,DC,4262
4404,2/1/09 19:31,Charles,Gray,qdrikyassien@jumpstartlab.com,"",4400 Massachusetts Avenue,Washington,DC,20016
4408,2/1/09 19:36,Molly,Kraft,qncarter@jumpstartlab.com,"","2000 N Street, NW",Washington,DC,20036
4411,2/1/09 19:37,Jill,Futterman,dprent08@jumpstartlab.com,"",4400 Massachusetts Avenue,Washington,DC,20016
4422,2/1/09 19:42,Dominique,Rasmussen,gaffey@jumpstartlab.com,"",4400 Massachusetts Avenue,Washington,DC,20016
4426,2/1/09 19:46,Jeanna,De soto,kce.chadcarson+4@jumpstartlab.com,"",4400 Massachusetts Avenue,Washington,DC,20016
4431,2/1/09 19:49,Mackenzie,Davila,nmkokal@jumpstartlab.com,"",4400 Massachusetts Avenue,Washington,DC,""
4439,2/1/09 19:56,Holly,Mcloughlin,if338@jumpstartlab.com,"",4400 Massachusetts Avenue,Washington,DC,20016
4449,2/1/09 19:59,Kelsey,Wadsworth,cmartzel@jumpstartlab.com,"",901 6th St. SW Apt 414A,Washington,DC,20024
4451,2/1/09 20:00,Aaron,Cappelli,mwgan.foster@jumpstartlab.com,"",4400 Massachusetts Avenue,Washington,DC,20016
4457,2/1/09 20:03,Jennifer,Wichman,vehns1jm@jumpstartlab.com,"",4400 Massachusetts Avenue,Washington,DC,20016
4465,2/1/09 20:07,Dan,Schwaller,tfpomeroy@jumpstartlab.com,"",4400 Massachusetts Avenue,Washington,DC,20016
4470,2/1/09 20:11,Jorge,Kagan,utrtjp@jumpstartlab.com,"",4400 Massachusetts Avenue,Washington,DC,20016
4477,2/1/09 20:14,Perry,Shillingford,sryers@jumpstartlab.com,"",4400 Massachusetts Avenue,Washington,DC,20016
4486,2/1/09 20:19,Sam,Kneidinger,pskiha@jumpstartlab.com,"",4400 Massachusetts Avenue,Washington,DC,20016
4487,2/1/09 20:20,Lauren,Elion,phya_godwin@jumpstartlab.com,"","901 6th St. SW, Apt 414A",Washington,DC,20024
4493,2/1/09 20:23,Vanessa,Dube,kmbrink08@jumpstartlab.com,"",4400 Massachusetts Avenue,Washington,DC,20016
4498,2/1/09 20:27,Kelley,Boyyyyy,qswolf@jumpstartlab.com,"",4400 Massachusetts Avenue,Washington,DC,20016
4507,2/1/09 20:30,Chris,Edge,pcickers@jumpstartlab.com,"",4400 Massachusetts Avenue,washington,DC,20016
4509,2/1/09 20:30,Ryan,Shearer,hollins.756@jumpstartlab.com,"",901 6th St. SW Apt 414A,Washington,DC,20024
4514,2/1/09 20:34,Teen,Powers,ren@jumpstartlab.com,"",4400 Massachusetts Avenue,Washington,DC,20016
4519,2/1/09 20:36,Alicia,Krautheim,vnrossm2@jumpstartlab.com,"",4400 Massachusetts Avenue,Washington,DC,20016
4524,2/1/09 20:38,Troy,Seithers,vtottc@jumpstartlab.com,"",4400 Massachusetts Avenue,Washington,DC,20016
4533,2/1/09 20:43,Ileana,Meyer,slnny.woldorf@jumpstartlab.com,"",4400 Massachusetts Avenue,Washington,DC,20016
4545,2/1/09 20:50,Breena,Ghaelian,ugyer20n@jumpstartlab.com,"",4400 Massachusetts Avenue,Washington,DC,20016
4561,2/1/09 20:59,Lindsay,Betancourt,fkll11@jumpstartlab.com,"",1507 Gallatin Street NW,"Washington, DC",DC,20011
4566,2/1/09 21:01,Praween,Green,yswwwwwwwwww@jumpstartlab.com,"",4400 Massachusetts Avenue,Washington,DC,20016
4570,2/1/09 21:04,Lisa,Gallenstein,qas6240@jumpstartlab.com,"",4400 Massachusetts Avenue,Washington,DC,20016
4576,2/1/09 21:08,David,Cardinal,ptodallm@jumpstartlab.com,"",4400 Massachusetts Avenue,washington,DC,20016
4584,2/1/09 21:12,Paul,Davison,wcll16@jumpstartlab.com,"",4400 Massachusetts Avenue,Washington,DC,20016
4594,2/1/09 21:15,X,Gasparek,qr8602a@jumpstartlab.com,"",4400 Massachusetts Avenue,Washington,DC,20016
4602,2/1/09 21:18,Blaine,Gandi,ptbatebob@jumpstartlab.com,"",4400 Massachusetts Avenue,Washington,DC,20016
4611,2/1/09 21:21,Connie,Swartwood,btndguage@jumpstartlab.com,"",4400 Massachusetts Avenue,Washington,DC,20016
4623,2/1/09 21:25,Leila,Bischoff,mkoodman@jumpstartlab.com,"",4400 Massachusetts Avenue,Washington,DC,20016
4636,2/1/09 21:28,Winter,Parvaz,knllyhorak@jumpstartlab.com,"",4400 Massachusetts Avenue,Washington,DC,20016
4640,2/1/09 21:29,Cameron,Bhalsod,eoawrence2@jumpstartlab.com,"",4400 Massachusetts Avenue,Washington,DC,20016
4649,2/1/09 21:31,Laura,Phillips,xgarotzky@jumpstartlab.com,"",1217 Franklin St NE,Washington,DC,20017
4659,2/1/09 21:36,Boris,Mostow,rcrdos12@jumpstartlab.com,"",4400 Massachusetts Avenue,washington,DC,20016
4670,2/1/09 21:41,Astrid,Peffier,alcoolfool@jumpstartlab.com,"",4400 Massachusetts Avenue,Washington,DC,20016
4678,2/1/09 21:44,Erica,Duval,uasample@jumpstartlab.com,"",4400 Massachusetts Avenue,Washington,DC,20016
4685,2/1/09 21:46,Lubaba,Geisinger,pqchellefwebb@jumpstartlab.com,"",4400 Massachusetts Avenue,Washington,DC,20016
4702,2/1/09 21:54,Ashley,Kubica,pldrew.mariotti@jumpstartlab.com,"",4400 Massachusetts Avenue,Washington,DC,20016
4712,2/1/09 21:58,Adrienne,Lutch,bmalprin@jumpstartlab.com,"",4400 Massachusetts Avenue,Washington,DC,20016
4725,2/1/09 22:02,Cody,Doe,tkstressneko.lily@jumpstartlab.com,"",4400 Massachusetts Avenue,Washington,DC,20016
4729,2/1/09 22:04,Finn,Gloster,end211@jumpstartlab.com,"",4400 Massachusetts Avenue,Washington,DC,20016
4750,2/1/09 22:13,Melissa,Bowling,yim138@jumpstartlab.com,"",736 22nd Street rm 205,Washington DC,DC,20052
4813,2/1/09 22:49,Nicole,Porter,iqryars11@jumpstartlab.com,"",1608 Rhode Island Ave. NW #708,Washington,DC,20036
4823,2/1/09 22:53,Jafar,Cotton,hroon-van-diest.4@jumpstartlab.com,"",1616 P. Street NW Suite 340,Washington,DC,20036
4835,2/1/09 22:58,Nicole,Six,un404607@jumpstartlab.com,"",1616 P. street NW suite 340,washington,DC,20036
4843,2/1/09 23:01,Aidan,O'neill,uhham.christie@jumpstartlab.com,"",1616 P. street NW suite 340,washington,DC,20036
4847,2/1/09 23:05,K,Rempel,ry5309a@jumpstartlab.com,"",1616 P. street NW suite 340,washington,DC,20036
4852,2/1/09 23:07,Katelyn,Mohammed,vxpl3@jumpstartlab.com,"",1616 P. street NW suite 340,washington,DC,20036
4859,2/1/09 23:10,Amanda,Johnson,vqhndoe@jumpstartlab.com,"",1616 P. street NW suite 340,washington,DC,20036
4872,2/1/09 23:13,B,Liakos,urviroaction@jumpstartlab.com,"",1616 P. street NW suite 340,washington,DC,20036
4880,2/1/09 23:16,Emily,Hoepfinger,buifkin@jumpstartlab.com,"",1616 P. street NW suite 340,washington,DC,20036
4884,2/1/09 23:18,Kyle,Hoyles,kehndoe12@jumpstartlab.com,"",1616 P. street NW suite 340,washington,DC,20036
4891,2/1/09 23:20,Ralph,Locascio,eey.mehulebrun@jumpstartlab.com,"",1616 P. street NW suite 340,washington,DC,20036
4902,2/1/09 23:24,Samuel,Lambert-williams,emapman.elisabeth@jumpstartlab.com,"",1616 P. street NW suite 340,washington,DC,20036
4908,2/1/09 23:26,Laura,Bennett,sqerson1@jumpstartlab.com,"",1616 P Street NW Suite 340,washington,DC,20036
4918,2/1/09 23:30,Caitlin,Easter,ghel@jumpstartlab.com,"",321 South Carolina Ave SE,Washington,DC,20003
4919,2/1/09 23:30,Torsten,Weber-shirk,ggd2543@jumpstartlab.com,"",1616 P Street NW Suite 340,Washington,DC,20036
4929,2/1/09 23:31,Mrinalini,Billman,ihnwaax07@jumpstartlab.com,"",1616 P Street NW Suite 340,Washington,DC,20036
4938,2/1/09 23:34,Tom,Pomeroy,gkackwella2@jumpstartlab.com,"",1616 P Street NW Suite 340,Washington,DC,20036
5066,2/2/09 0:44,Abby,Peterson,jweise@jumpstartlab.com,"","1608 Rhode Island Ave, NW",Washington,DC,20036
5068,2/2/09 0:50,Kate,Scholnick,xrvanals@jumpstartlab.com,"","1608 Rhode Island Ave, NW",Washington,DC,20036
5069,2/2/09 0:52,Michelle,Rudderman,fwchtywr@jumpstartlab.com,"",Georgetown University Kennedy K-227,Washington,DC,20057
5072,2/2/09 0:55,Bryce,Lupolt,qclese_11@jumpstartlab.com,"","1608 Rhode Island Ave, NW Apt 908",Washington,DC,20036
5157,2/2/09 10:07,Simone,Sosin,kferriam@jumpstartlab.com,"",1333 H St. NW 1st Floor,Washington,DC,20005
5159,2/2/09 10:38,Allison,Coronado,beblaaron01@jumpstartlab.com,"","2100 I Street, NW, GW University â€“ Lafayette Hall #403",Washington,DC,20052
5162,2/2/09 10:45,Anika,Roux,clanessaj@jumpstartlab.com,"",215 Pennsylvania Ave. SE 3rd FL,Washington,DC,20003
5175,2/2/09 12:34,Greg,Saunders,jyukhov@jumpstartlab.com,"","3000 Cathedral Ave, NW",Washington,DC,20008
